id;split
bliuntly;train
bluags;test
braioth;train
broiash;train
broil;test
buietts;train
caiangly;val
caib;train
caiocts;train
ceon;train
ceor;train
cheish;val
cheown;train
chuolly;train
cieng;train
clatch;val
clualy;train
cluongly;val
craias;train
crieugy;train
criur;train
cyclaecs;train
cycloegh;train
cycloeys;train
cycluill;train
daeks;train
diech;train
driaont;train
dwiaols;train
dwoosm;train
dynaaw;train
dynaiadly;train
dynetz;train
dyniabs;train
dyniaots;train
dynieusts;val
dyniuds;train
fiaws;train
fieud;train
flaiolt;train
fliully;test
floack;train
fraiob;test
frauetz;train
fruilt;train
frutt;train
gaiong;test
geatz;train
geord;train
ghaiak;train
ghaung;train
ghoaf;val
gieun;test
gieuz;train
glauel;train
gleentz;test
gliiws;train
gniacs;train
haebs;val
hraemp;test
hraoght;train
hriest;train
hriogy;train
hriorf;train
hroiash;val
hydroath;train
hydruenn;val
hyihl;train
hypuely;train
hyuewn;train
hyuients;train
hyuierly;train
jiaft;train
kaidly;train
kheasm;train
kheov;train
khiery;train
khoogs;train
khort;train
kiost;train
klaiord;train
klaofy;train
klauls;train
kliotz;train
kloells;train
kneip;train
knith;train
knuif;val
koms;train
kraald;val
kraiows;train
kraism;train
krioun;val
kruorly;train
kuews;train
kurk;train
kwoks;train
kwuish;train
kwuiwn;train
ladly;train
laurth;train
leaucks;train
luints;train
mady;train
mcaully;test
mccaurr;train
mcceacy;train
mcceiash;val
mccleess;train
mccloal;train
mccreaucs;train
mcdaib;train
mcdiins;train
mcdiuny;train
mcduay;train
mcduintz;val
mcduiys;train
mcduosch;train
mceft;train
mceirk;train
mcfaagh;test
mcgeaung;train
mcgionts;train
mciungs;train
mckuieys;test
mckuily;train
mcliiwn;train
mcloiarst;test
mcmaack;test
mcmeb;train
mcmex;test
mcmiisly;train
mcmook;train
mcmoorth;test
mcmuoys;train
mcnaack;train
mcneorry;test
mcniolly;val
mcnoedy;test
muosch;train
nantly;train
niaps;train
niirn;train
nitt;test
peey;train
pfaubs;val
pfaugh;train
pfoely;train
phaoll;train
phaols;train
physaiotts;train
physaox;test
physeings;train
physeobly;train
physeurg;test
physieunds;train
physiud;train
pleiafy;train
ploont;train
ploopp;train
posch;val
prait;train
praiys;train
priouft;test
pruort;train
psychaants;train
psychiaown;train
psychieubs;test
psychiink;val
puann;val
puass;train
qeatch;val
qeigs;train
qeury;train
reorn;train
rhaesm;train
rhoisk;train
ruent;test
schaiow;train
schaly;train
schioub;val
schliur;train
schmiects;train
schmieunk;train
schmint;test
schneian;val
schraatz;train
schraems;train
schraoft;train
schrauerf;test
schreell;test
schriors;train
schriouct;train
schuils;test
schwiouf;test
schwioutz;val
schwooks;train
schwoov;train
schworn;test
scoirt;train
scuef;train
seaucks;test
shraialy;train
shraids;train
shrierth;train
shriil;train
shroiagh;train
shruers;train
shubly;test
siaf;test
skaiw;train
skaups;train
skoasm;test
slaern;train
smaancy;train
smaiasp;test
smeawn;train
smeums;train
smiaotch;train
smueb;train
smuirst;train
sniall;train
sniurst;train
snuantly;train
snur;test
speutts;train
spict;train
spieuf;train
spleipp;train
spraiorn;test
spreiands;train
spreisk;train
spreuly;train
sqaiast;train
sqeaupp;train
sqilt;train
sqounn;val
squd;train
sraongly;test
sreott;train
sriat;train
staecy;train
staudly;train
steerf;train
straey;train
straosk;train
streausm;train
struands;val
swaav;train
sweoght;train
swesm;train
swiasm;train
swoats;train
swohn;train
swurg;train
symbaiabs;train
symbasp;train
synaetch;train
synaioly;train
synaogh;train
syneaurth;train
syniurt;train
synoads;train
synuak;train
synuocy;train
sziark;train
szoiands;test
szoiny;train
taamp;train
tauet;train
teaucy;test
teic;train
theiantz;train
theipt;train
threaunts;train
threrg;test
tiull;train
trauz;train
treucs;train
treust;test
tsiil;train
tsoupt;train
tsuien;train
tung;test
twaicks;test
tweauck;val
tweiagy;train
twengly;test
tweonk;train
twiaot;train
twoaty;train
typiuts;train
vuiefy;test
waiarm;train
weaft;test
wiitts;train
wraays;val
wrauerr;test
wreamp;train
wreegh;train
wuieff;test
wuirf;train
xall;test
xauesp;train
xeoch;test
xiidy;train
xisch;train
xoys;train
yogh;train
zaioft;train
ziurm;train
